{"stats":{"minecraft:mined":{"minecraft:large_fern":1,"minecraft:grass_block":2,"minecraft:dirt_path":1},"minecraft:custom":{"minecraft:jump":606,"minecraft:time_since_rest":71941,"minecraft:leave_game":1,"minecraft:crouch_one_cm":113,"minecraft:sprint_one_cm":88307,"minecraft:play_time":71941,"minecraft:damage_taken":80,"minecraft:time_since_death":71941,"minecraft:walk_one_cm":79201,"minecraft:sneak_time":45,"minecraft:bell_ring":5,"minecraft:total_world_time":71941,"minecraft:fall_one_cm":12358,"minecraft:fly_one_cm":63070},"minecraft:picked_up":{"minecraft:dirt":3},"minecraft:used":{"minecraft:dirt":3,"minecraft:bread":3}},"DataVersion":3578}