{"stats":{"minecraft:mined":{"minecraft:large_fern":1,"minecraft:dirt_path":1},"minecraft:custom":{"minecraft:jump":491,"minecraft:time_since_rest":64367,"minecraft:crouch_one_cm":113,"minecraft:sprint_one_cm":74688,"minecraft:play_time":64367,"minecraft:damage_taken":80,"minecraft:time_since_death":64367,"minecraft:walk_one_cm":67517,"minecraft:sneak_time":45,"minecraft:bell_ring":4,"minecraft:total_world_time":64367,"minecraft:fall_one_cm":9525,"minecraft:fly_one_cm":51264},"minecraft:picked_up":{"minecraft:dirt":1},"minecraft:used":{"minecraft:dirt":1,"minecraft:bread":3}},"DataVersion":3578}