{"stats":{"minecraft:mined":{"minecraft:large_fern":1,"minecraft:dirt_path":1},"minecraft:custom":{"minecraft:jump":410,"minecraft:time_since_rest":52367,"minecraft:crouch_one_cm":113,"minecraft:sprint_one_cm":64205,"minecraft:play_time":52367,"minecraft:damage_taken":60,"minecraft:time_since_death":52367,"minecraft:walk_one_cm":58912,"minecraft:sneak_time":45,"minecraft:bell_ring":4,"minecraft:total_world_time":52367,"minecraft:fall_one_cm":8271,"minecraft:fly_one_cm":44403},"minecraft:picked_up":{"minecraft:dirt":1},"minecraft:used":{"minecraft:dirt":1,"minecraft:bread":3}},"DataVersion":3578}