{"stats":{"minecraft:mined":{"minecraft:large_fern":1,"minecraft:dirt_path":1},"minecraft:custom":{"minecraft:jump":252,"minecraft:time_since_rest":28367,"minecraft:sprint_one_cm":41523,"minecraft:play_time":28367,"minecraft:damage_taken":60,"minecraft:time_since_death":28367,"minecraft:walk_one_cm":39361,"minecraft:bell_ring":1,"minecraft:total_world_time":28367,"minecraft:fall_one_cm":5645,"minecraft:fly_one_cm":31409},"minecraft:picked_up":{"minecraft:dirt":1},"minecraft:used":{"minecraft:dirt":1,"minecraft:bread":3}},"DataVersion":3578}