{"stats":{"minecraft:mined":{"minecraft:large_fern":1,"minecraft:dirt_path":1},"minecraft:custom":{"minecraft:jump":151,"minecraft:time_since_rest":16367,"minecraft:sprint_one_cm":34333,"minecraft:play_time":16367,"minecraft:damage_taken":60,"minecraft:time_since_death":16367,"minecraft:walk_one_cm":26679,"minecraft:total_world_time":16367,"minecraft:fall_one_cm":4809,"minecraft:fly_one_cm":26183},"minecraft:picked_up":{"minecraft:dirt":1},"minecraft:used":{"minecraft:dirt":1,"minecraft:bread":3}},"DataVersion":3578}