{"stats":{"minecraft:mined":{"minecraft:grass_block":1,"minecraft:fern":1},"minecraft:custom":{"minecraft:jump":28,"minecraft:time_since_rest":1766,"minecraft:crouch_one_cm":3,"minecraft:leave_game":2,"minecraft:play_time":1766,"minecraft:sprint_one_cm":3980,"minecraft:damage_taken":30,"minecraft:time_since_death":1766,"minecraft:walk_one_cm":6805,"minecraft:sneak_time":2,"minecraft:total_world_time":1766,"minecraft:fall_one_cm":1674,"minecraft:fly_one_cm":4485},"minecraft:picked_up":{"minecraft:dirt":1},"minecraft:used":{"minecraft:dirt":1}},"DataVersion":3578}