{"stats":{"minecraft:mined":{"minecraft:purple_bed":1,"minecraft:spruce_leaves":3,"minecraft:spruce_log":2,"minecraft:fern":2},"minecraft:custom":{"minecraft:time_since_rest":3837,"minecraft:crouch_one_cm":2,"minecraft:sprint_one_cm":18761,"minecraft:play_time":3837,"minecraft:damage_taken":132,"minecraft:walk_one_cm":6958,"minecraft:sneak_time":15,"minecraft:damage_blocked_by_shield":10,"minecraft:jump":90,"minecraft:damage_dealt":26,"minecraft:leave_game":3,"minecraft:time_since_death":3837,"minecraft:total_world_time":3837,"minecraft:climb_one_cm":536,"minecraft:fall_one_cm":3104,"minecraft:fly_one_cm":15728},"minecraft:picked_up":{"minecraft:purple_bed":1,"minecraft:spruce_log":2},"minecraft:used":{"minecraft:stone_axe":3,"minecraft:stone_pickaxe":1,"minecraft:shield":1}},"DataVersion":3578}