{"stats":{"minecraft:mined":{"minecraft:spruce_log":2,"minecraft:spruce_leaves":3,"minecraft:fern":2},"minecraft:custom":{"minecraft:jump":34,"minecraft:time_since_rest":2089,"minecraft:damage_dealt":20,"minecraft:crouch_one_cm":2,"minecraft:leave_game":2,"minecraft:play_time":2089,"minecraft:sprint_one_cm":4575,"minecraft:damage_taken":50,"minecraft:time_since_death":2089,"minecraft:walk_one_cm":3072,"minecraft:sneak_time":15,"minecraft:total_world_time":2089,"minecraft:fall_one_cm":1790,"minecraft:fly_one_cm":5479},"minecraft:picked_up":{"minecraft:spruce_log":2},"minecraft:used":{"minecraft:stone_axe":3}},"DataVersion":3578}